method,r0,r1,rd
truth,0.4345890000027185,0.6634460000021405,0.228856999999422
